{
  "Store List" : {
    "transaction" : "Store List",
    "sampleCount" : 500,
    "errorCount" : 0,
    "errorPct" : 0.0,
    "meanResTime" : 10281.144000000004,
    "medianResTime" : 10144.5,
    "minResTime" : 437.0,
    "maxResTime" : 26224.0,
    "pct1ResTime" : 17412.600000000002,
    "pct2ResTime" : 18786.8,
    "pct3ResTime" : 23109.31,
    "throughput" : 14.789398958826315,
    "receivedKBytesPerSec" : 340.40095215999173,
    "sentKBytesPerSec" : 7.076958486157123
  },
  "Total" : {
    "transaction" : "Total",
    "sampleCount" : 1500,
    "errorCount" : 0,
    "errorPct" : 0.0,
    "meanResTime" : 7692.213333333339,
    "medianResTime" : 8437.0,
    "minResTime" : 34.0,
    "maxResTime" : 26224.0,
    "pct1ResTime" : 17090.000000000004,
    "pct2ResTime" : 17778.7,
    "pct3ResTime" : 22337.29,
    "throughput" : 40.53834927841738,
    "receivedKBytesPerSec" : 334.9020038190503,
    "sentKBytesPerSec" : 19.56978254553808
  },
  "Store Detail" : {
    "transaction" : "Store Detail",
    "sampleCount" : 500,
    "errorCount" : 0,
    "errorPct" : 0.0,
    "meanResTime" : 12639.948000000002,
    "medianResTime" : 13196.5,
    "minResTime" : 530.0,
    "maxResTime" : 25520.0,
    "pct1ResTime" : 17609.2,
    "pct2ResTime" : 18099.899999999998,
    "pct3ResTime" : 22659.030000000002,
    "throughput" : 14.00324875371086,
    "receivedKBytesPerSec" : 17.540846820212288,
    "sentKBytesPerSec" : 6.6870982818013776
  },
  "Queue Tickets" : {
    "transaction" : "Queue Tickets",
    "sampleCount" : 500,
    "errorCount" : 0,
    "errorPct" : 0.0,
    "meanResTime" : 155.54799999999997,
    "medianResTime" : 116.5,
    "minResTime" : 34.0,
    "maxResTime" : 1050.0,
    "pct1ResTime" : 315.60000000000014,
    "pct2ResTime" : 384.95,
    "pct3ResTime" : 552.1200000000008,
    "throughput" : 14.846487321099827,
    "receivedKBytesPerSec" : 7.644607106271157,
    "sentKBytesPerSec" : 7.307255478353822
  }
}